VAR,Variable,UNIT,Measure,COU,Country,YEA,dim.YEAR,Value,Flag Codes,Flags
EVIETOTA,Total population at birth,EVIDUREV,Years,AUS,Australia,1995,1995,77.9,,
EVIETOTA,Total population at birth,EVIDUREV,Years,AUS,Australia,1996,1996,78.2,,
EVIETOTA,Total population at birth,EVIDUREV,Years,AUS,Australia,1997,1997,78.5,,
EVIETOTA,Total population at birth,EVIDUREV,Years,AUS,Australia,1998,1998,78.7,,
EVIETOTA,Total population at birth,EVIDUREV,Years,AUS,Australia,1999,1999,79,,
EVIETOTA,Total population at birth,EVIDUREV,Years,AUS,Australia,2000,2000,79.3,,
EVIETOTA,Total population at birth,EVIDUREV,Years,AUS,Australia,2001,2001,79.7,,
EVIETOTA,Total population at birth,EVIDUREV,Years,AUS,Australia,2002,2002,80,,
EVIETOTA,Total population at birth,EVIDUREV,Years,AUS,Australia,2003,2003,80.3,,
EVIETOTA,Total population at birth,EVIDUREV,Years,AUS,Australia,2004,2004,80.6,,
EVIETOTA,Total population at birth,EVIDUREV,Years,AUS,Australia,2005,2005,80.9,,
EVIETOTA,Total population at birth,EVIDUREV,Years,AUS,Australia,2006,2006,81.1,,
EVIETOTA,Total population at birth,EVIDUREV,Years,AUS,Australia,2007,2007,81.4,,
EVIETOTA,Total population at birth,EVIDUREV,Years,AUS,Australia,2008,2008,81.5,,
EVIETOTA,Total population at birth,EVIDUREV,Years,AUS,Australia,2009,2009,81.6,,
EVIETOTA,Total population at birth,EVIDUREV,Years,AUS,Australia,2010,2010,81.8,,
EVIETOTA,Total population at birth,EVIDUREV,Years,AUS,Australia,2011,2011,82,,
EVIETOTA,Total population at birth,EVIDUREV,Years,AUS,Australia,2012,2012,82.1,,
EVIETOTA,Total population at birth,EVIDUREV,Years,AUS,Australia,2013,2013,82.2,,
EVIETOTA,Total population at birth,EVIDUREV,Years,AUS,Australia,2014,2014,82.4,,
EVIETOTA,Total population at birth,EVIDUREV,Years,AUT,Austria,1995,1995,76.8,,
EVIETOTA,Total population at birth,EVIDUREV,Years,AUT,Austria,1996,1996,77,,
EVIETOTA,Total population at birth,EVIDUREV,Years,AUT,Austria,1997,1997,77.4,,
EVIETOTA,Total population at birth,EVIDUREV,Years,AUT,Austria,1998,1998,77.8,,
EVIETOTA,Total population at birth,EVIDUREV,Years,AUT,Austria,1999,1999,78,,
EVIETOTA,Total population at birth,EVIDUREV,Years,AUT,Austria,2000,2000,78.2,,
EVIETOTA,Total population at birth,EVIDUREV,Years,AUT,Austria,2001,2001,78.7,,
EVIETOTA,Total population at birth,EVIDUREV,Years,AUT,Austria,2002,2002,78.8,,
EVIETOTA,Total population at birth,EVIDUREV,Years,AUT,Austria,2003,2003,78.7,,
EVIETOTA,Total population at birth,EVIDUREV,Years,AUT,Austria,2004,2004,79.3,,
EVIETOTA,Total population at birth,EVIDUREV,Years,AUT,Austria,2005,2005,79.4,,
EVIETOTA,Total population at birth,EVIDUREV,Years,AUT,Austria,2006,2006,80,,
EVIETOTA,Total population at birth,EVIDUREV,Years,AUT,Austria,2007,2007,80.3,,
EVIETOTA,Total population at birth,EVIDUREV,Years,AUT,Austria,2008,2008,80.5,,
EVIETOTA,Total population at birth,EVIDUREV,Years,AUT,Austria,2009,2009,80.4,,
EVIETOTA,Total population at birth,EVIDUREV,Years,AUT,Austria,2010,2010,80.7,,
EVIETOTA,Total population at birth,EVIDUREV,Years,AUT,Austria,2011,2011,81.1,,
EVIETOTA,Total population at birth,EVIDUREV,Years,AUT,Austria,2012,2012,81,,
EVIETOTA,Total population at birth,EVIDUREV,Years,AUT,Austria,2013,2013,81.2,,
EVIETOTA,Total population at birth,EVIDUREV,Years,AUT,Austria,2014,2014,81.6,,
EVIETOTA,Total population at birth,EVIDUREV,Years,BEL,Belgium,1995,1995,77,,
EVIETOTA,Total population at birth,EVIDUREV,Years,BEL,Belgium,1996,1996,77.3,,
EVIETOTA,Total population at birth,EVIDUREV,Years,BEL,Belgium,1997,1997,77.5,,
EVIETOTA,Total population at birth,EVIDUREV,Years,BEL,Belgium,1998,1998,77.6,,
EVIETOTA,Total population at birth,EVIDUREV,Years,BEL,Belgium,1999,1999,77.7,,
EVIETOTA,Total population at birth,EVIDUREV,Years,BEL,Belgium,2000,2000,77.8,,
EVIETOTA,Total population at birth,EVIDUREV,Years,BEL,Belgium,2001,2001,78.1,,
EVIETOTA,Total population at birth,EVIDUREV,Years,BEL,Belgium,2002,2002,78.2,,
EVIETOTA,Total population at birth,EVIDUREV,Years,BEL,Belgium,2003,2003,78.2,,
EVIETOTA,Total population at birth,EVIDUREV,Years,BEL,Belgium,2004,2004,79,,
EVIETOTA,Total population at birth,EVIDUREV,Years,BEL,Belgium,2005,2005,79.1,,
EVIETOTA,Total population at birth,EVIDUREV,Years,BEL,Belgium,2006,2006,79.5,,
EVIETOTA,Total population at birth,EVIDUREV,Years,BEL,Belgium,2007,2007,79.9,,
EVIETOTA,Total population at birth,EVIDUREV,Years,BEL,Belgium,2008,2008,79.8,,
EVIETOTA,Total population at birth,EVIDUREV,Years,BEL,Belgium,2009,2009,80.1,,
EVIETOTA,Total population at birth,EVIDUREV,Years,BEL,Belgium,2010,2010,80.3,,
EVIETOTA,Total population at birth,EVIDUREV,Years,BEL,Belgium,2011,2011,80.7,B,Break
EVIETOTA,Total population at birth,EVIDUREV,Years,BEL,Belgium,2012,2012,80.5,,
EVIETOTA,Total population at birth,EVIDUREV,Years,BEL,Belgium,2013,2013,80.7,,
EVIETOTA,Total population at birth,EVIDUREV,Years,BEL,Belgium,2014,2014,81.4,,
EVIETOTA,Total population at birth,EVIDUREV,Years,CAN,Canada,1995,1995,77.9,,
EVIETOTA,Total population at birth,EVIDUREV,Years,CAN,Canada,1996,1996,78.1,,
EVIETOTA,Total population at birth,EVIDUREV,Years,CAN,Canada,1997,1997,78.3,,
EVIETOTA,Total population at birth,EVIDUREV,Years,CAN,Canada,1998,1998,78.5,,
EVIETOTA,Total population at birth,EVIDUREV,Years,CAN,Canada,1999,1999,78.7,,
EVIETOTA,Total population at birth,EVIDUREV,Years,CAN,Canada,2000,2000,79,,
EVIETOTA,Total population at birth,EVIDUREV,Years,CAN,Canada,2001,2001,79.2,,
EVIETOTA,Total population at birth,EVIDUREV,Years,CAN,Canada,2002,2002,79.4,,
EVIETOTA,Total population at birth,EVIDUREV,Years,CAN,Canada,2003,2003,79.6,,
EVIETOTA,Total population at birth,EVIDUREV,Years,CAN,Canada,2004,2004,79.8,,
EVIETOTA,Total population at birth,EVIDUREV,Years,CAN,Canada,2005,2005,80,,
EVIETOTA,Total population at birth,EVIDUREV,Years,CAN,Canada,2006,2006,80.3,,
EVIETOTA,Total population at birth,EVIDUREV,Years,CAN,Canada,2007,2007,80.4,,
EVIETOTA,Total population at birth,EVIDUREV,Years,CAN,Canada,2008,2008,80.6,,
EVIETOTA,Total population at birth,EVIDUREV,Years,CAN,Canada,2009,2009,80.8,,
EVIETOTA,Total population at birth,EVIDUREV,Years,CAN,Canada,2010,2010,81.1,,
EVIETOTA,Total population at birth,EVIDUREV,Years,CAN,Canada,2011,2011,81.3,,
EVIETOTA,Total population at birth,EVIDUREV,Years,CAN,Canada,2012,2012,81.5,,
EVIETOTA,Total population at birth,EVIDUREV,Years,CAN,Canada,2013,2013,81.7,,
EVIETOTA,Total population at birth,EVIDUREV,Years,CAN,Canada,2014,2014,81.8,,
EVIETOTA,Total population at birth,EVIDUREV,Years,CZE,Czech Republic,1995,1995,73.3,,
EVIETOTA,Total population at birth,EVIDUREV,Years,CZE,Czech Republic,1996,1996,74,,
EVIETOTA,Total population at birth,EVIDUREV,Years,CZE,Czech Republic,1997,1997,74.1,,
EVIETOTA,Total population at birth,EVIDUREV,Years,CZE,Czech Republic,1998,1998,74.7,,
EVIETOTA,Total population at birth,EVIDUREV,Years,CZE,Czech Republic,1999,1999,74.9,,
EVIETOTA,Total population at birth,EVIDUREV,Years,CZE,Czech Republic,2000,2000,75.1,,
EVIETOTA,Total population at birth,EVIDUREV,Years,CZE,Czech Republic,2001,2001,75.3,,
EVIETOTA,Total population at birth,EVIDUREV,Years,CZE,Czech Republic,2002,2002,75.4,,
EVIETOTA,Total population at birth,EVIDUREV,Years,CZE,Czech Republic,2003,2003,75.3,,
EVIETOTA,Total population at birth,EVIDUREV,Years,CZE,Czech Republic,2004,2004,75.8,,
EVIETOTA,Total population at birth,EVIDUREV,Years,CZE,Czech Republic,2005,2005,76.1,,
EVIETOTA,Total population at birth,EVIDUREV,Years,CZE,Czech Republic,2006,2006,76.7,,
EVIETOTA,Total population at birth,EVIDUREV,Years,CZE,Czech Republic,2007,2007,77,,
EVIETOTA,Total population at birth,EVIDUREV,Years,CZE,Czech Republic,2008,2008,77.3,,
EVIETOTA,Total population at birth,EVIDUREV,Years,CZE,Czech Republic,2009,2009,77.4,,
EVIETOTA,Total population at birth,EVIDUREV,Years,CZE,Czech Republic,2010,2010,77.7,,
EVIETOTA,Total population at birth,EVIDUREV,Years,CZE,Czech Republic,2011,2011,78,,
EVIETOTA,Total population at birth,EVIDUREV,Years,CZE,Czech Republic,2012,2012,78.2,,
EVIETOTA,Total population at birth,EVIDUREV,Years,CZE,Czech Republic,2013,2013,78.3,,
EVIETOTA,Total population at birth,EVIDUREV,Years,CZE,Czech Republic,2014,2014,78.9,,
EVIETOTA,Total population at birth,EVIDUREV,Years,DNK,Denmark,1995,1995,75.3,,
EVIETOTA,Total population at birth,EVIDUREV,Years,DNK,Denmark,1996,1996,75.7,,
EVIETOTA,Total population at birth,EVIDUREV,Years,DNK,Denmark,1997,1997,76.1,,
EVIETOTA,Total population at birth,EVIDUREV,Years,DNK,Denmark,1998,1998,76.5,,
EVIETOTA,Total population at birth,EVIDUREV,Years,DNK,Denmark,1999,1999,76.6,,
EVIETOTA,Total population at birth,EVIDUREV,Years,DNK,Denmark,2000,2000,76.9,,
EVIETOTA,Total population at birth,EVIDUREV,Years,DNK,Denmark,2001,2001,77,,
EVIETOTA,Total population at birth,EVIDUREV,Years,DNK,Denmark,2002,2002,77.1,,
EVIETOTA,Total population at birth,EVIDUREV,Years,DNK,Denmark,2003,2003,77.4,,
EVIETOTA,Total population at birth,EVIDUREV,Years,DNK,Denmark,2004,2004,77.8,,
EVIETOTA,Total population at birth,EVIDUREV,Years,DNK,Denmark,2005,2005,78.3,,
EVIETOTA,Total population at birth,EVIDUREV,Years,DNK,Denmark,2006,2006,78.4,,
EVIETOTA,Total population at birth,EVIDUREV,Years,DNK,Denmark,2007,2007,78.4,,
EVIETOTA,Total population at birth,EVIDUREV,Years,DNK,Denmark,2008,2008,78.8,,
EVIETOTA,Total population at birth,EVIDUREV,Years,DNK,Denmark,2009,2009,79,,
EVIETOTA,Total population at birth,EVIDUREV,Years,DNK,Denmark,2010,2010,79.3,,
EVIETOTA,Total population at birth,EVIDUREV,Years,DNK,Denmark,2011,2011,79.9,,
EVIETOTA,Total population at birth,EVIDUREV,Years,DNK,Denmark,2012,2012,80.1,,
EVIETOTA,Total population at birth,EVIDUREV,Years,DNK,Denmark,2013,2013,80.4,,
EVIETOTA,Total population at birth,EVIDUREV,Years,DNK,Denmark,2014,2014,80.8,,
EVIETOTA,Total population at birth,EVIDUREV,Years,FIN,Finland,1995,1995,76.6,,
EVIETOTA,Total population at birth,EVIDUREV,Years,FIN,Finland,1996,1996,76.9,,
EVIETOTA,Total population at birth,EVIDUREV,Years,FIN,Finland,1997,1997,77.1,,
EVIETOTA,Total population at birth,EVIDUREV,Years,FIN,Finland,1998,1998,77.3,,
EVIETOTA,Total population at birth,EVIDUREV,Years,FIN,Finland,1999,1999,77.5,,
EVIETOTA,Total population at birth,EVIDUREV,Years,FIN,Finland,2000,2000,77.7,,
EVIETOTA,Total population at birth,EVIDUREV,Years,FIN,Finland,2001,2001,78.2,,
EVIETOTA,Total population at birth,EVIDUREV,Years,FIN,Finland,2002,2002,78.3,,
EVIETOTA,Total population at birth,EVIDUREV,Years,FIN,Finland,2003,2003,78.5,,
EVIETOTA,Total population at birth,EVIDUREV,Years,FIN,Finland,2004,2004,79,,
EVIETOTA,Total population at birth,EVIDUREV,Years,FIN,Finland,2005,2005,79.1,,
EVIETOTA,Total population at birth,EVIDUREV,Years,FIN,Finland,2006,2006,79.5,,
EVIETOTA,Total population at birth,EVIDUREV,Years,FIN,Finland,2007,2007,79.6,,
EVIETOTA,Total population at birth,EVIDUREV,Years,FIN,Finland,2008,2008,79.9,,
EVIETOTA,Total population at birth,EVIDUREV,Years,FIN,Finland,2009,2009,80.1,,
EVIETOTA,Total population at birth,EVIDUREV,Years,FIN,Finland,2010,2010,80.2,,
EVIETOTA,Total population at birth,EVIDUREV,Years,FIN,Finland,2011,2011,80.6,,
EVIETOTA,Total population at birth,EVIDUREV,Years,FIN,Finland,2012,2012,80.7,,
EVIETOTA,Total population at birth,EVIDUREV,Years,FIN,Finland,2013,2013,81.1,,
EVIETOTA,Total population at birth,EVIDUREV,Years,FIN,Finland,2014,2014,81.3,,
EVIETOTA,Total population at birth,EVIDUREV,Years,FRA,France,1995,1995,78.1,,
EVIETOTA,Total population at birth,EVIDUREV,Years,FRA,France,1996,1996,78.3,,
EVIETOTA,Total population at birth,EVIDUREV,Years,FRA,France,1997,1997,78.6,,
EVIETOTA,Total population at birth,EVIDUREV,Years,FRA,France,1998,1998,78.8,,
EVIETOTA,Total population at birth,EVIDUREV,Years,FRA,France,1999,1999,78.9,,
EVIETOTA,Total population at birth,EVIDUREV,Years,FRA,France,2000,2000,79.2,,
EVIETOTA,Total population at birth,EVIDUREV,Years,FRA,France,2001,2001,79.3,,
EVIETOTA,Total population at birth,EVIDUREV,Years,FRA,France,2002,2002,79.4,,
EVIETOTA,Total population at birth,EVIDUREV,Years,FRA,France,2003,2003,79.3,,
EVIETOTA,Total population at birth,EVIDUREV,Years,FRA,France,2004,2004,80.3,,
EVIETOTA,Total population at birth,EVIDUREV,Years,FRA,France,2005,2005,80.4,,
EVIETOTA,Total population at birth,EVIDUREV,Years,FRA,France,2006,2006,81,,
EVIETOTA,Total population at birth,EVIDUREV,Years,FRA,France,2007,2007,81.2,,
EVIETOTA,Total population at birth,EVIDUREV,Years,FRA,France,2008,2008,81.4,,
EVIETOTA,Total population at birth,EVIDUREV,Years,FRA,France,2009,2009,81.5,,
EVIETOTA,Total population at birth,EVIDUREV,Years,FRA,France,2010,2010,81.8,,
EVIETOTA,Total population at birth,EVIDUREV,Years,FRA,France,2011,2011,82.3,,
EVIETOTA,Total population at birth,EVIDUREV,Years,FRA,France,2012,2012,82.1,,
EVIETOTA,Total population at birth,EVIDUREV,Years,FRA,France,2013,2013,82.3,B,Break
EVIETOTA,Total population at birth,EVIDUREV,Years,FRA,France,2014,2014,82.8,,
EVIETOTA,Total population at birth,EVIDUREV,Years,DEU,Germany,1995,1995,76.6,,
EVIETOTA,Total population at birth,EVIDUREV,Years,DEU,Germany,1996,1996,76.9,,
EVIETOTA,Total population at birth,EVIDUREV,Years,DEU,Germany,1997,1997,77.3,,
EVIETOTA,Total population at birth,EVIDUREV,Years,DEU,Germany,1998,1998,77.7,,
EVIETOTA,Total population at birth,EVIDUREV,Years,DEU,Germany,1999,1999,77.9,,
EVIETOTA,Total population at birth,EVIDUREV,Years,DEU,Germany,2000,2000,78.2,,
EVIETOTA,Total population at birth,EVIDUREV,Years,DEU,Germany,2001,2001,78.5,,
EVIETOTA,Total population at birth,EVIDUREV,Years,DEU,Germany,2002,2002,78.5,,
EVIETOTA,Total population at birth,EVIDUREV,Years,DEU,Germany,2003,2003,78.6,,
EVIETOTA,Total population at birth,EVIDUREV,Years,DEU,Germany,2004,2004,79.2,,
EVIETOTA,Total population at birth,EVIDUREV,Years,DEU,Germany,2005,2005,79.4,,
EVIETOTA,Total population at birth,EVIDUREV,Years,DEU,Germany,2006,2006,79.8,,
EVIETOTA,Total population at birth,EVIDUREV,Years,DEU,Germany,2007,2007,80.1,,
EVIETOTA,Total population at birth,EVIDUREV,Years,DEU,Germany,2008,2008,80.2,,
EVIETOTA,Total population at birth,EVIDUREV,Years,DEU,Germany,2009,2009,80.3,,
EVIETOTA,Total population at birth,EVIDUREV,Years,DEU,Germany,2010,2010,80.5,,
EVIETOTA,Total population at birth,EVIDUREV,Years,DEU,Germany,2011,2011,80.5,,
EVIETOTA,Total population at birth,EVIDUREV,Years,DEU,Germany,2012,2012,80.6,,
EVIETOTA,Total population at birth,EVIDUREV,Years,DEU,Germany,2013,2013,80.6,,
EVIETOTA,Total population at birth,EVIDUREV,Years,DEU,Germany,2014,2014,81.2,,
EVIETOTA,Total population at birth,EVIDUREV,Years,GRC,Greece,1995,1995,77.8,,
EVIETOTA,Total population at birth,EVIDUREV,Years,GRC,Greece,1996,1996,78,,
EVIETOTA,Total population at birth,EVIDUREV,Years,GRC,Greece,1997,1997,78.4,,
EVIETOTA,Total population at birth,EVIDUREV,Years,GRC,Greece,1998,1998,78.4,,
EVIETOTA,Total population at birth,EVIDUREV,Years,GRC,Greece,1999,1999,78.5,,
EVIETOTA,Total population at birth,EVIDUREV,Years,GRC,Greece,2000,2000,78.6,,
EVIETOTA,Total population at birth,EVIDUREV,Years,GRC,Greece,2001,2001,79.1,,
EVIETOTA,Total population at birth,EVIDUREV,Years,GRC,Greece,2002,2002,79.2,,
EVIETOTA,Total population at birth,EVIDUREV,Years,GRC,Greece,2003,2003,79.3,,
EVIETOTA,Total population at birth,EVIDUREV,Years,GRC,Greece,2004,2004,79.4,,
EVIETOTA,Total population at birth,EVIDUREV,Years,GRC,Greece,2005,2005,79.7,,
EVIETOTA,Total population at birth,EVIDUREV,Years,GRC,Greece,2006,2006,79.9,,
EVIETOTA,Total population at birth,EVIDUREV,Years,GRC,Greece,2007,2007,79.7,,
EVIETOTA,Total population at birth,EVIDUREV,Years,GRC,Greece,2008,2008,80.3,,
EVIETOTA,Total population at birth,EVIDUREV,Years,GRC,Greece,2009,2009,80.4,,
EVIETOTA,Total population at birth,EVIDUREV,Years,GRC,Greece,2010,2010,80.7,,
EVIETOTA,Total population at birth,EVIDUREV,Years,GRC,Greece,2011,2011,80.8,,
EVIETOTA,Total population at birth,EVIDUREV,Years,GRC,Greece,2012,2012,80.7,,
EVIETOTA,Total population at birth,EVIDUREV,Years,GRC,Greece,2013,2013,81.4,,
EVIETOTA,Total population at birth,EVIDUREV,Years,GRC,Greece,2014,2014,81.5,,
EVIETOTA,Total population at birth,EVIDUREV,Years,HUN,Hungary,1995,1995,70.1,,
EVIETOTA,Total population at birth,EVIDUREV,Years,HUN,Hungary,1996,1996,70.7,,
EVIETOTA,Total population at birth,EVIDUREV,Years,HUN,Hungary,1997,1997,71.1,,
EVIETOTA,Total population at birth,EVIDUREV,Years,HUN,Hungary,1998,1998,71.1,,
EVIETOTA,Total population at birth,EVIDUREV,Years,HUN,Hungary,1999,1999,71.2,,
EVIETOTA,Total population at birth,EVIDUREV,Years,HUN,Hungary,2000,2000,71.9,,
EVIETOTA,Total population at birth,EVIDUREV,Years,HUN,Hungary,2001,2001,72.5,,
EVIETOTA,Total population at birth,EVIDUREV,Years,HUN,Hungary,2002,2002,72.5,,
EVIETOTA,Total population at birth,EVIDUREV,Years,HUN,Hungary,2003,2003,72.6,,
EVIETOTA,Total population at birth,EVIDUREV,Years,HUN,Hungary,2004,2004,73,,
EVIETOTA,Total population at birth,EVIDUREV,Years,HUN,Hungary,2005,2005,73,,
EVIETOTA,Total population at birth,EVIDUREV,Years,HUN,Hungary,2006,2006,73.5,,
EVIETOTA,Total population at birth,EVIDUREV,Years,HUN,Hungary,2007,2007,73.6,,
EVIETOTA,Total population at birth,EVIDUREV,Years,HUN,Hungary,2008,2008,74.2,,
EVIETOTA,Total population at birth,EVIDUREV,Years,HUN,Hungary,2009,2009,74.4,,
EVIETOTA,Total population at birth,EVIDUREV,Years,HUN,Hungary,2010,2010,74.7,,
EVIETOTA,Total population at birth,EVIDUREV,Years,HUN,Hungary,2011,2011,75,,
EVIETOTA,Total population at birth,EVIDUREV,Years,HUN,Hungary,2012,2012,75.2,B,Break
EVIETOTA,Total population at birth,EVIDUREV,Years,HUN,Hungary,2013,2013,75.7,,
EVIETOTA,Total population at birth,EVIDUREV,Years,HUN,Hungary,2014,2014,75.9,,
EVIETOTA,Total population at birth,EVIDUREV,Years,ISL,Iceland,1995,1995,78.1,,
EVIETOTA,Total population at birth,EVIDUREV,Years,ISL,Iceland,1996,1996,78.9,,
EVIETOTA,Total population at birth,EVIDUREV,Years,ISL,Iceland,1997,1997,79,,
EVIETOTA,Total population at birth,EVIDUREV,Years,ISL,Iceland,1998,1998,79.7,,
EVIETOTA,Total population at birth,EVIDUREV,Years,ISL,Iceland,1999,1999,79.4,,
EVIETOTA,Total population at birth,EVIDUREV,Years,ISL,Iceland,2000,2000,79.7,,
EVIETOTA,Total population at birth,EVIDUREV,Years,ISL,Iceland,2001,2001,80.8,,
EVIETOTA,Total population at birth,EVIDUREV,Years,ISL,Iceland,2002,2002,80.6,,
EVIETOTA,Total population at birth,EVIDUREV,Years,ISL,Iceland,2003,2003,81,,
EVIETOTA,Total population at birth,EVIDUREV,Years,ISL,Iceland,2004,2004,81.1,,
EVIETOTA,Total population at birth,EVIDUREV,Years,ISL,Iceland,2005,2005,81.6,,
EVIETOTA,Total population at birth,EVIDUREV,Years,ISL,Iceland,2006,2006,81.2,,
EVIETOTA,Total population at birth,EVIDUREV,Years,ISL,Iceland,2007,2007,81.5,,
EVIETOTA,Total population at birth,EVIDUREV,Years,ISL,Iceland,2008,2008,81.7,,
EVIETOTA,Total population at birth,EVIDUREV,Years,ISL,Iceland,2009,2009,81.8,,
EVIETOTA,Total population at birth,EVIDUREV,Years,ISL,Iceland,2010,2010,82,,
EVIETOTA,Total population at birth,EVIDUREV,Years,ISL,Iceland,2011,2011,82.4,,
EVIETOTA,Total population at birth,EVIDUREV,Years,ISL,Iceland,2012,2012,83,,
EVIETOTA,Total population at birth,EVIDUREV,Years,ISL,Iceland,2013,2013,82.1,,
EVIETOTA,Total population at birth,EVIDUREV,Years,ISL,Iceland,2014,2014,82.9,,
EVIETOTA,Total population at birth,EVIDUREV,Years,IRL,Ireland,1995,1995,75.6,,
EVIETOTA,Total population at birth,EVIDUREV,Years,IRL,Ireland,1996,1996,75.9,,
EVIETOTA,Total population at birth,EVIDUREV,Years,IRL,Ireland,1997,1997,76.1,,
EVIETOTA,Total population at birth,EVIDUREV,Years,IRL,Ireland,1998,1998,76.3,,
EVIETOTA,Total population at birth,EVIDUREV,Years,IRL,Ireland,1999,1999,76.2,,
EVIETOTA,Total population at birth,EVIDUREV,Years,IRL,Ireland,2000,2000,76.6,,
EVIETOTA,Total population at birth,EVIDUREV,Years,IRL,Ireland,2001,2001,77.2,,
EVIETOTA,Total population at birth,EVIDUREV,Years,IRL,Ireland,2002,2002,77.7,,
EVIETOTA,Total population at birth,EVIDUREV,Years,IRL,Ireland,2003,2003,78.2,,
EVIETOTA,Total population at birth,EVIDUREV,Years,IRL,Ireland,2004,2004,78.6,,
EVIETOTA,Total population at birth,EVIDUREV,Years,IRL,Ireland,2005,2005,79,,
EVIETOTA,Total population at birth,EVIDUREV,Years,IRL,Ireland,2006,2006,79.3,,
EVIETOTA,Total population at birth,EVIDUREV,Years,IRL,Ireland,2007,2007,79.7,,
EVIETOTA,Total population at birth,EVIDUREV,Years,IRL,Ireland,2008,2008,80.2,,
EVIETOTA,Total population at birth,EVIDUREV,Years,IRL,Ireland,2009,2009,80.3,,
EVIETOTA,Total population at birth,EVIDUREV,Years,IRL,Ireland,2010,2010,80.8,,
EVIETOTA,Total population at birth,EVIDUREV,Years,IRL,Ireland,2011,2011,80.8,,
EVIETOTA,Total population at birth,EVIDUREV,Years,IRL,Ireland,2012,2012,80.9,,
EVIETOTA,Total population at birth,EVIDUREV,Years,IRL,Ireland,2013,2013,81,,
EVIETOTA,Total population at birth,EVIDUREV,Years,IRL,Ireland,2014,2014,81.4,,
EVIETOTA,Total population at birth,EVIDUREV,Years,ITA,Italy,1995,1995,78.3,,
EVIETOTA,Total population at birth,EVIDUREV,Years,ITA,Italy,1996,1996,78.6,,
EVIETOTA,Total population at birth,EVIDUREV,Years,ITA,Italy,1997,1997,78.9,,
EVIETOTA,Total population at birth,EVIDUREV,Years,ITA,Italy,1998,1998,79.1,,
EVIETOTA,Total population at birth,EVIDUREV,Years,ITA,Italy,1999,1999,79.5,,
EVIETOTA,Total population at birth,EVIDUREV,Years,ITA,Italy,2000,2000,79.9,,
EVIETOTA,Total population at birth,EVIDUREV,Years,ITA,Italy,2001,2001,80.2,,
EVIETOTA,Total population at birth,EVIDUREV,Years,ITA,Italy,2002,2002,80.3,,
EVIETOTA,Total population at birth,EVIDUREV,Years,ITA,Italy,2003,2003,80.1,,
EVIETOTA,Total population at birth,EVIDUREV,Years,ITA,Italy,2004,2004,80.9,,
EVIETOTA,Total population at birth,EVIDUREV,Years,ITA,Italy,2005,2005,80.9,,
EVIETOTA,Total population at birth,EVIDUREV,Years,ITA,Italy,2006,2006,81.4,,
EVIETOTA,Total population at birth,EVIDUREV,Years,ITA,Italy,2007,2007,81.5,,
EVIETOTA,Total population at birth,EVIDUREV,Years,ITA,Italy,2008,2008,81.6,,
EVIETOTA,Total population at birth,EVIDUREV,Years,ITA,Italy,2009,2009,81.7,,
EVIETOTA,Total population at birth,EVIDUREV,Years,ITA,Italy,2010,2010,82.1,,
EVIETOTA,Total population at birth,EVIDUREV,Years,ITA,Italy,2011,2011,82.3,,
EVIETOTA,Total population at birth,EVIDUREV,Years,ITA,Italy,2012,2012,82.3,,
EVIETOTA,Total population at birth,EVIDUREV,Years,ITA,Italy,2013,2013,82.8,,
EVIETOTA,Total population at birth,EVIDUREV,Years,ITA,Italy,2014,2014,83.2,,
EVIETOTA,Total population at birth,EVIDUREV,Years,JPN,Japan,1995,1995,79.6,,
EVIETOTA,Total population at birth,EVIDUREV,Years,JPN,Japan,1996,1996,80.3,,
EVIETOTA,Total population at birth,EVIDUREV,Years,JPN,Japan,1997,1997,80.5,,
EVIETOTA,Total population at birth,EVIDUREV,Years,JPN,Japan,1998,1998,80.6,,
EVIETOTA,Total population at birth,EVIDUREV,Years,JPN,Japan,1999,1999,80.5,,
EVIETOTA,Total population at birth,EVIDUREV,Years,JPN,Japan,2000,2000,81.2,,
EVIETOTA,Total population at birth,EVIDUREV,Years,JPN,Japan,2001,2001,81.5,,
EVIETOTA,Total population at birth,EVIDUREV,Years,JPN,Japan,2002,2002,81.8,,
EVIETOTA,Total population at birth,EVIDUREV,Years,JPN,Japan,2003,2003,81.8,,
EVIETOTA,Total population at birth,EVIDUREV,Years,JPN,Japan,2004,2004,82.1,,
EVIETOTA,Total population at birth,EVIDUREV,Years,JPN,Japan,2005,2005,82,,
EVIETOTA,Total population at birth,EVIDUREV,Years,JPN,Japan,2006,2006,82.4,,
EVIETOTA,Total population at birth,EVIDUREV,Years,JPN,Japan,2007,2007,82.6,,
EVIETOTA,Total population at birth,EVIDUREV,Years,JPN,Japan,2008,2008,82.7,,
EVIETOTA,Total population at birth,EVIDUREV,Years,JPN,Japan,2009,2009,83,,
EVIETOTA,Total population at birth,EVIDUREV,Years,JPN,Japan,2010,2010,82.9,,
EVIETOTA,Total population at birth,EVIDUREV,Years,JPN,Japan,2011,2011,82.7,,
EVIETOTA,Total population at birth,EVIDUREV,Years,JPN,Japan,2012,2012,83.2,,
EVIETOTA,Total population at birth,EVIDUREV,Years,JPN,Japan,2013,2013,83.4,,
EVIETOTA,Total population at birth,EVIDUREV,Years,JPN,Japan,2014,2014,83.7,,
EVIETOTA,Total population at birth,EVIDUREV,Years,KOR,Korea,1995,1995,73.8,,
EVIETOTA,Total population at birth,EVIDUREV,Years,KOR,Korea,1996,1996,74.2,,
EVIETOTA,Total population at birth,EVIDUREV,Years,KOR,Korea,1997,1997,74.7,,
EVIETOTA,Total population at birth,EVIDUREV,Years,KOR,Korea,1998,1998,75.1,,
EVIETOTA,Total population at birth,EVIDUREV,Years,KOR,Korea,1999,1999,75.5,,
EVIETOTA,Total population at birth,EVIDUREV,Years,KOR,Korea,2000,2000,76,,
EVIETOTA,Total population at birth,EVIDUREV,Years,KOR,Korea,2001,2001,76.5,,
EVIETOTA,Total population at birth,EVIDUREV,Years,KOR,Korea,2002,2002,76.8,,
EVIETOTA,Total population at birth,EVIDUREV,Years,KOR,Korea,2003,2003,77.3,,
EVIETOTA,Total population at birth,EVIDUREV,Years,KOR,Korea,2004,2004,77.8,,
EVIETOTA,Total population at birth,EVIDUREV,Years,KOR,Korea,2005,2005,78.2,,
EVIETOTA,Total population at birth,EVIDUREV,Years,KOR,Korea,2006,2006,78.8,,
EVIETOTA,Total population at birth,EVIDUREV,Years,KOR,Korea,2007,2007,79.2,,
EVIETOTA,Total population at birth,EVIDUREV,Years,KOR,Korea,2008,2008,79.6,,
EVIETOTA,Total population at birth,EVIDUREV,Years,KOR,Korea,2009,2009,80,,
EVIETOTA,Total population at birth,EVIDUREV,Years,KOR,Korea,2010,2010,80.2,,
EVIETOTA,Total population at birth,EVIDUREV,Years,KOR,Korea,2011,2011,80.6,,
EVIETOTA,Total population at birth,EVIDUREV,Years,KOR,Korea,2012,2012,80.9,,
EVIETOTA,Total population at birth,EVIDUREV,Years,KOR,Korea,2013,2013,81.4,,
EVIETOTA,Total population at birth,EVIDUREV,Years,KOR,Korea,2014,2014,81.8,,
EVIETOTA,Total population at birth,EVIDUREV,Years,LUX,Luxembourg,1995,1995,76.8,,
EVIETOTA,Total population at birth,EVIDUREV,Years,LUX,Luxembourg,1996,1996,76.8,,
EVIETOTA,Total population at birth,EVIDUREV,Years,LUX,Luxembourg,1997,1997,77,,
EVIETOTA,Total population at birth,EVIDUREV,Years,LUX,Luxembourg,1998,1998,77.3,,
EVIETOTA,Total population at birth,EVIDUREV,Years,LUX,Luxembourg,1999,1999,77.9,,
EVIETOTA,Total population at birth,EVIDUREV,Years,LUX,Luxembourg,2000,2000,78,,
EVIETOTA,Total population at birth,EVIDUREV,Years,LUX,Luxembourg,2001,2001,77.9,,
EVIETOTA,Total population at birth,EVIDUREV,Years,LUX,Luxembourg,2002,2002,78.1,,
EVIETOTA,Total population at birth,EVIDUREV,Years,LUX,Luxembourg,2003,2003,77.8,,
EVIETOTA,Total population at birth,EVIDUREV,Years,LUX,Luxembourg,2004,2004,79.2,,
EVIETOTA,Total population at birth,EVIDUREV,Years,LUX,Luxembourg,2005,2005,79.5,,
EVIETOTA,Total population at birth,EVIDUREV,Years,LUX,Luxembourg,2006,2006,79.4,,
EVIETOTA,Total population at birth,EVIDUREV,Years,LUX,Luxembourg,2007,2007,79.5,,
EVIETOTA,Total population at birth,EVIDUREV,Years,LUX,Luxembourg,2008,2008,80.6,,
EVIETOTA,Total population at birth,EVIDUREV,Years,LUX,Luxembourg,2009,2009,80.7,,
EVIETOTA,Total population at birth,EVIDUREV,Years,LUX,Luxembourg,2010,2010,80.7,,
EVIETOTA,Total population at birth,EVIDUREV,Years,LUX,Luxembourg,2011,2011,81.1,,
EVIETOTA,Total population at birth,EVIDUREV,Years,LUX,Luxembourg,2012,2012,81.5,B,Break
EVIETOTA,Total population at birth,EVIDUREV,Years,LUX,Luxembourg,2013,2013,81.9,,
EVIETOTA,Total population at birth,EVIDUREV,Years,LUX,Luxembourg,2014,2014,82.3,,
EVIETOTA,Total population at birth,EVIDUREV,Years,MEX,Mexico,1995,1995,72.3,,
EVIETOTA,Total population at birth,EVIDUREV,Years,MEX,Mexico,1996,1996,72.7,,
EVIETOTA,Total population at birth,EVIDUREV,Years,MEX,Mexico,1997,1997,73.1,,
EVIETOTA,Total population at birth,EVIDUREV,Years,MEX,Mexico,1998,1998,73.5,,
EVIETOTA,Total population at birth,EVIDUREV,Years,MEX,Mexico,1999,1999,74,,
EVIETOTA,Total population at birth,EVIDUREV,Years,MEX,Mexico,2000,2000,74.7,,
EVIETOTA,Total population at birth,EVIDUREV,Years,MEX,Mexico,2001,2001,75,,
EVIETOTA,Total population at birth,EVIDUREV,Years,MEX,Mexico,2002,2002,75.1,,
EVIETOTA,Total population at birth,EVIDUREV,Years,MEX,Mexico,2003,2003,75.1,,
EVIETOTA,Total population at birth,EVIDUREV,Years,MEX,Mexico,2004,2004,75.4,,
EVIETOTA,Total population at birth,EVIDUREV,Years,MEX,Mexico,2005,2005,75.2,,
EVIETOTA,Total population at birth,EVIDUREV,Years,MEX,Mexico,2006,2006,75.5,,
EVIETOTA,Total population at birth,EVIDUREV,Years,MEX,Mexico,2007,2007,75.3,,
EVIETOTA,Total population at birth,EVIDUREV,Years,MEX,Mexico,2008,2008,75.1,,
EVIETOTA,Total population at birth,EVIDUREV,Years,MEX,Mexico,2009,2009,74.9,,
EVIETOTA,Total population at birth,EVIDUREV,Years,MEX,Mexico,2010,2010,74.8,,
EVIETOTA,Total population at birth,EVIDUREV,Years,MEX,Mexico,2011,2011,74.9,,
EVIETOTA,Total population at birth,EVIDUREV,Years,MEX,Mexico,2012,2012,75,,
EVIETOTA,Total population at birth,EVIDUREV,Years,MEX,Mexico,2013,2013,75,,
EVIETOTA,Total population at birth,EVIDUREV,Years,MEX,Mexico,2014,2014,74.9,,
EVIETOTA,Total population at birth,EVIDUREV,Years,NLD,Netherlands,1995,1995,77.6,,
EVIETOTA,Total population at birth,EVIDUREV,Years,NLD,Netherlands,1996,1996,77.6,,
EVIETOTA,Total population at birth,EVIDUREV,Years,NLD,Netherlands,1997,1997,78,,
EVIETOTA,Total population at birth,EVIDUREV,Years,NLD,Netherlands,1998,1998,78,,
EVIETOTA,Total population at birth,EVIDUREV,Years,NLD,Netherlands,1999,1999,77.9,,
EVIETOTA,Total population at birth,EVIDUREV,Years,NLD,Netherlands,2000,2000,78.2,,
EVIETOTA,Total population at birth,EVIDUREV,Years,NLD,Netherlands,2001,2001,78.3,,
EVIETOTA,Total population at birth,EVIDUREV,Years,NLD,Netherlands,2002,2002,78.4,,
EVIETOTA,Total population at birth,EVIDUREV,Years,NLD,Netherlands,2003,2003,78.7,,
EVIETOTA,Total population at birth,EVIDUREV,Years,NLD,Netherlands,2004,2004,79.2,,
EVIETOTA,Total population at birth,EVIDUREV,Years,NLD,Netherlands,2005,2005,79.5,,
EVIETOTA,Total population at birth,EVIDUREV,Years,NLD,Netherlands,2006,2006,79.9,,
EVIETOTA,Total population at birth,EVIDUREV,Years,NLD,Netherlands,2007,2007,80.3,,
EVIETOTA,Total population at birth,EVIDUREV,Years,NLD,Netherlands,2008,2008,80.5,,
EVIETOTA,Total population at birth,EVIDUREV,Years,NLD,Netherlands,2009,2009,80.8,,
EVIETOTA,Total population at birth,EVIDUREV,Years,NLD,Netherlands,2010,2010,81,,
EVIETOTA,Total population at birth,EVIDUREV,Years,NLD,Netherlands,2011,2011,81.3,,
EVIETOTA,Total population at birth,EVIDUREV,Years,NLD,Netherlands,2012,2012,81.2,,
EVIETOTA,Total population at birth,EVIDUREV,Years,NLD,Netherlands,2013,2013,81.4,,
EVIETOTA,Total population at birth,EVIDUREV,Years,NLD,Netherlands,2014,2014,81.8,,
EVIETOTA,Total population at birth,EVIDUREV,Years,NZL,New Zealand,1995,1995,76.8,,
EVIETOTA,Total population at birth,EVIDUREV,Years,NZL,New Zealand,1996,1996,77.1,,
EVIETOTA,Total population at birth,EVIDUREV,Years,NZL,New Zealand,1997,1997,77.4,,
EVIETOTA,Total population at birth,EVIDUREV,Years,NZL,New Zealand,1998,1998,77.7,,
EVIETOTA,Total population at birth,EVIDUREV,Years,NZL,New Zealand,1999,1999,78.1,,
EVIETOTA,Total population at birth,EVIDUREV,Years,NZL,New Zealand,2000,2000,78.4,,
EVIETOTA,Total population at birth,EVIDUREV,Years,NZL,New Zealand,2001,2001,78.7,,
EVIETOTA,Total population at birth,EVIDUREV,Years,NZL,New Zealand,2002,2002,79,,
EVIETOTA,Total population at birth,EVIDUREV,Years,NZL,New Zealand,2003,2003,79.3,,
EVIETOTA,Total population at birth,EVIDUREV,Years,NZL,New Zealand,2004,2004,79.6,,
EVIETOTA,Total population at birth,EVIDUREV,Years,NZL,New Zealand,2005,2005,79.8,,
EVIETOTA,Total population at birth,EVIDUREV,Years,NZL,New Zealand,2006,2006,80.1,,
EVIETOTA,Total population at birth,EVIDUREV,Years,NZL,New Zealand,2007,2007,80.3,,
EVIETOTA,Total population at birth,EVIDUREV,Years,NZL,New Zealand,2008,2008,80.5,,
EVIETOTA,Total population at birth,EVIDUREV,Years,NZL,New Zealand,2009,2009,80.7,,
EVIETOTA,Total population at birth,EVIDUREV,Years,NZL,New Zealand,2010,2010,80.8,,
EVIETOTA,Total population at birth,EVIDUREV,Years,NZL,New Zealand,2011,2011,81,,
EVIETOTA,Total population at birth,EVIDUREV,Years,NZL,New Zealand,2012,2012,81.2,,
EVIETOTA,Total population at birth,EVIDUREV,Years,NZL,New Zealand,2013,2013,81.4,,
EVIETOTA,Total population at birth,EVIDUREV,Years,NZL,New Zealand,2014,2014,81.5,,
EVIETOTA,Total population at birth,EVIDUREV,Years,NOR,Norway,1995,1995,77.9,,
EVIETOTA,Total population at birth,EVIDUREV,Years,NOR,Norway,1996,1996,78.3,,
EVIETOTA,Total population at birth,EVIDUREV,Years,NOR,Norway,1997,1997,78.3,,
EVIETOTA,Total population at birth,EVIDUREV,Years,NOR,Norway,1998,1998,78.5,,
EVIETOTA,Total population at birth,EVIDUREV,Years,NOR,Norway,1999,1999,78.4,,
EVIETOTA,Total population at birth,EVIDUREV,Years,NOR,Norway,2000,2000,78.8,,
EVIETOTA,Total population at birth,EVIDUREV,Years,NOR,Norway,2001,2001,78.9,,
EVIETOTA,Total population at birth,EVIDUREV,Years,NOR,Norway,2002,2002,79,,
EVIETOTA,Total population at birth,EVIDUREV,Years,NOR,Norway,2003,2003,79.6,,
EVIETOTA,Total population at birth,EVIDUREV,Years,NOR,Norway,2004,2004,80.1,,
EVIETOTA,Total population at birth,EVIDUREV,Years,NOR,Norway,2005,2005,80.3,,
EVIETOTA,Total population at birth,EVIDUREV,Years,NOR,Norway,2006,2006,80.6,,
EVIETOTA,Total population at birth,EVIDUREV,Years,NOR,Norway,2007,2007,80.6,,
EVIETOTA,Total population at birth,EVIDUREV,Years,NOR,Norway,2008,2008,80.8,,
EVIETOTA,Total population at birth,EVIDUREV,Years,NOR,Norway,2009,2009,81,,
EVIETOTA,Total population at birth,EVIDUREV,Years,NOR,Norway,2010,2010,81.2,,
EVIETOTA,Total population at birth,EVIDUREV,Years,NOR,Norway,2011,2011,81.4,,
EVIETOTA,Total population at birth,EVIDUREV,Years,NOR,Norway,2012,2012,81.5,,
EVIETOTA,Total population at birth,EVIDUREV,Years,NOR,Norway,2013,2013,81.8,,
EVIETOTA,Total population at birth,EVIDUREV,Years,NOR,Norway,2014,2014,82.2,,
EVIETOTA,Total population at birth,EVIDUREV,Years,POL,Poland,1995,1995,72.1,,
EVIETOTA,Total population at birth,EVIDUREV,Years,POL,Poland,1996,1996,72.4,,
EVIETOTA,Total population at birth,EVIDUREV,Years,POL,Poland,1997,1997,72.8,,
EVIETOTA,Total population at birth,EVIDUREV,Years,POL,Poland,1998,1998,73.2,,
EVIETOTA,Total population at birth,EVIDUREV,Years,POL,Poland,1999,1999,73.2,,
EVIETOTA,Total population at birth,EVIDUREV,Years,POL,Poland,2000,2000,73.8,B,Break
EVIETOTA,Total population at birth,EVIDUREV,Years,POL,Poland,2001,2001,74.2,,
EVIETOTA,Total population at birth,EVIDUREV,Years,POL,Poland,2002,2002,74.6,,
EVIETOTA,Total population at birth,EVIDUREV,Years,POL,Poland,2003,2003,74.7,,
EVIETOTA,Total population at birth,EVIDUREV,Years,POL,Poland,2004,2004,74.9,,
EVIETOTA,Total population at birth,EVIDUREV,Years,POL,Poland,2005,2005,75.1,,
EVIETOTA,Total population at birth,EVIDUREV,Years,POL,Poland,2006,2006,75.3,,
EVIETOTA,Total population at birth,EVIDUREV,Years,POL,Poland,2007,2007,75.4,,
EVIETOTA,Total population at birth,EVIDUREV,Years,POL,Poland,2008,2008,75.7,,
EVIETOTA,Total population at birth,EVIDUREV,Years,POL,Poland,2009,2009,75.8,B,Break
EVIETOTA,Total population at birth,EVIDUREV,Years,POL,Poland,2010,2010,76.5,,
EVIETOTA,Total population at birth,EVIDUREV,Years,POL,Poland,2011,2011,76.8,,
EVIETOTA,Total population at birth,EVIDUREV,Years,POL,Poland,2012,2012,76.9,,
EVIETOTA,Total population at birth,EVIDUREV,Years,POL,Poland,2013,2013,77.1,,
EVIETOTA,Total population at birth,EVIDUREV,Years,POL,Poland,2014,2014,77.7,,
EVIETOTA,Total population at birth,EVIDUREV,Years,PRT,Portugal,1995,1995,75.4,,
EVIETOTA,Total population at birth,EVIDUREV,Years,PRT,Portugal,1996,1996,75.3,,
EVIETOTA,Total population at birth,EVIDUREV,Years,PRT,Portugal,1997,1997,75.8,,
EVIETOTA,Total population at birth,EVIDUREV,Years,PRT,Portugal,1998,1998,76,,
EVIETOTA,Total population at birth,EVIDUREV,Years,PRT,Portugal,1999,1999,76.3,,
EVIETOTA,Total population at birth,EVIDUREV,Years,PRT,Portugal,2000,2000,76.9,,
EVIETOTA,Total population at birth,EVIDUREV,Years,PRT,Portugal,2001,2001,77.2,,
EVIETOTA,Total population at birth,EVIDUREV,Years,PRT,Portugal,2002,2002,77.4,,
EVIETOTA,Total population at birth,EVIDUREV,Years,PRT,Portugal,2003,2003,77.5,,
EVIETOTA,Total population at birth,EVIDUREV,Years,PRT,Portugal,2004,2004,78.4,,
EVIETOTA,Total population at birth,EVIDUREV,Years,PRT,Portugal,2005,2005,78.2,,
EVIETOTA,Total population at birth,EVIDUREV,Years,PRT,Portugal,2006,2006,79,,
EVIETOTA,Total population at birth,EVIDUREV,Years,PRT,Portugal,2007,2007,79.2,,
EVIETOTA,Total population at birth,EVIDUREV,Years,PRT,Portugal,2008,2008,79.5,,
EVIETOTA,Total population at birth,EVIDUREV,Years,PRT,Portugal,2009,2009,79.7,,
EVIETOTA,Total population at birth,EVIDUREV,Years,PRT,Portugal,2010,2010,80,,
EVIETOTA,Total population at birth,EVIDUREV,Years,PRT,Portugal,2011,2011,80.6,,
EVIETOTA,Total population at birth,EVIDUREV,Years,PRT,Portugal,2012,2012,80.5,,
EVIETOTA,Total population at birth,EVIDUREV,Years,PRT,Portugal,2013,2013,80.8,,
EVIETOTA,Total population at birth,EVIDUREV,Years,PRT,Portugal,2014,2014,81.2,,
EVIETOTA,Total population at birth,EVIDUREV,Years,SVK,Slovak Republic,1995,1995,72.5,,
EVIETOTA,Total population at birth,EVIDUREV,Years,SVK,Slovak Republic,1996,1996,72.9,,
EVIETOTA,Total population at birth,EVIDUREV,Years,SVK,Slovak Republic,1997,1997,72.9,,
EVIETOTA,Total population at birth,EVIDUREV,Years,SVK,Slovak Republic,1998,1998,72.8,,
EVIETOTA,Total population at birth,EVIDUREV,Years,SVK,Slovak Republic,1999,1999,73.2,,
EVIETOTA,Total population at birth,EVIDUREV,Years,SVK,Slovak Republic,2000,2000,73.4,,
EVIETOTA,Total population at birth,EVIDUREV,Years,SVK,Slovak Republic,2001,2001,73.6,,
EVIETOTA,Total population at birth,EVIDUREV,Years,SVK,Slovak Republic,2002,2002,73.8,,
EVIETOTA,Total population at birth,EVIDUREV,Years,SVK,Slovak Republic,2003,2003,73.8,,
EVIETOTA,Total population at birth,EVIDUREV,Years,SVK,Slovak Republic,2004,2004,74.2,,
EVIETOTA,Total population at birth,EVIDUREV,Years,SVK,Slovak Republic,2005,2005,74.2,,
EVIETOTA,Total population at birth,EVIDUREV,Years,SVK,Slovak Republic,2006,2006,74.4,,
EVIETOTA,Total population at birth,EVIDUREV,Years,SVK,Slovak Republic,2007,2007,74.5,,
EVIETOTA,Total population at birth,EVIDUREV,Years,SVK,Slovak Republic,2008,2008,75,,
EVIETOTA,Total population at birth,EVIDUREV,Years,SVK,Slovak Republic,2009,2009,75.3,,
EVIETOTA,Total population at birth,EVIDUREV,Years,SVK,Slovak Republic,2010,2010,75.6,,
EVIETOTA,Total population at birth,EVIDUREV,Years,SVK,Slovak Republic,2011,2011,76.1,,
EVIETOTA,Total population at birth,EVIDUREV,Years,SVK,Slovak Republic,2012,2012,76.2,,
EVIETOTA,Total population at birth,EVIDUREV,Years,SVK,Slovak Republic,2013,2013,76.5,,
EVIETOTA,Total population at birth,EVIDUREV,Years,SVK,Slovak Republic,2014,2014,76.9,,
EVIETOTA,Total population at birth,EVIDUREV,Years,ESP,Spain,1995,1995,78.1,,
EVIETOTA,Total population at birth,EVIDUREV,Years,ESP,Spain,1996,1996,78.3,,
EVIETOTA,Total population at birth,EVIDUREV,Years,ESP,Spain,1997,1997,78.8,,
EVIETOTA,Total population at birth,EVIDUREV,Years,ESP,Spain,1998,1998,78.9,,
EVIETOTA,Total population at birth,EVIDUREV,Years,ESP,Spain,1999,1999,78.8,,
EVIETOTA,Total population at birth,EVIDUREV,Years,ESP,Spain,2000,2000,79.3,,
EVIETOTA,Total population at birth,EVIDUREV,Years,ESP,Spain,2001,2001,79.8,,
EVIETOTA,Total population at birth,EVIDUREV,Years,ESP,Spain,2002,2002,79.9,,
EVIETOTA,Total population at birth,EVIDUREV,Years,ESP,Spain,2003,2003,79.7,,
EVIETOTA,Total population at birth,EVIDUREV,Years,ESP,Spain,2004,2004,80.4,,
EVIETOTA,Total population at birth,EVIDUREV,Years,ESP,Spain,2005,2005,80.3,,
EVIETOTA,Total population at birth,EVIDUREV,Years,ESP,Spain,2006,2006,81.1,,
EVIETOTA,Total population at birth,EVIDUREV,Years,ESP,Spain,2007,2007,81.2,,
EVIETOTA,Total population at birth,EVIDUREV,Years,ESP,Spain,2008,2008,81.5,,
EVIETOTA,Total population at birth,EVIDUREV,Years,ESP,Spain,2009,2009,81.9,,
EVIETOTA,Total population at birth,EVIDUREV,Years,ESP,Spain,2010,2010,82.4,,
EVIETOTA,Total population at birth,EVIDUREV,Years,ESP,Spain,2011,2011,82.6,,
EVIETOTA,Total population at birth,EVIDUREV,Years,ESP,Spain,2012,2012,82.5,,
EVIETOTA,Total population at birth,EVIDUREV,Years,ESP,Spain,2013,2013,83.2,,
EVIETOTA,Total population at birth,EVIDUREV,Years,ESP,Spain,2014,2014,83.3,,
EVIETOTA,Total population at birth,EVIDUREV,Years,SWE,Sweden,1995,1995,79,,
EVIETOTA,Total population at birth,EVIDUREV,Years,SWE,Sweden,1996,1996,79.2,,
EVIETOTA,Total population at birth,EVIDUREV,Years,SWE,Sweden,1997,1997,79.4,,
EVIETOTA,Total population at birth,EVIDUREV,Years,SWE,Sweden,1998,1998,79.5,,
EVIETOTA,Total population at birth,EVIDUREV,Years,SWE,Sweden,1999,1999,79.6,,
EVIETOTA,Total population at birth,EVIDUREV,Years,SWE,Sweden,2000,2000,79.7,,
EVIETOTA,Total population at birth,EVIDUREV,Years,SWE,Sweden,2001,2001,79.9,,
EVIETOTA,Total population at birth,EVIDUREV,Years,SWE,Sweden,2002,2002,79.9,,
EVIETOTA,Total population at birth,EVIDUREV,Years,SWE,Sweden,2003,2003,80.3,,
EVIETOTA,Total population at birth,EVIDUREV,Years,SWE,Sweden,2004,2004,80.6,,
EVIETOTA,Total population at birth,EVIDUREV,Years,SWE,Sweden,2005,2005,80.7,,
EVIETOTA,Total population at birth,EVIDUREV,Years,SWE,Sweden,2006,2006,81,,
EVIETOTA,Total population at birth,EVIDUREV,Years,SWE,Sweden,2007,2007,81.1,,
EVIETOTA,Total population at birth,EVIDUREV,Years,SWE,Sweden,2008,2008,81.3,,
EVIETOTA,Total population at birth,EVIDUREV,Years,SWE,Sweden,2009,2009,81.5,,
EVIETOTA,Total population at birth,EVIDUREV,Years,SWE,Sweden,2010,2010,81.6,,
EVIETOTA,Total population at birth,EVIDUREV,Years,SWE,Sweden,2011,2011,81.9,,
EVIETOTA,Total population at birth,EVIDUREV,Years,SWE,Sweden,2012,2012,81.8,,
EVIETOTA,Total population at birth,EVIDUREV,Years,SWE,Sweden,2013,2013,82,,
EVIETOTA,Total population at birth,EVIDUREV,Years,SWE,Sweden,2014,2014,82.3,,
EVIETOTA,Total population at birth,EVIDUREV,Years,CHE,Switzerland,1995,1995,78.7,,
EVIETOTA,Total population at birth,EVIDUREV,Years,CHE,Switzerland,1996,1996,79.1,,
EVIETOTA,Total population at birth,EVIDUREV,Years,CHE,Switzerland,1997,1997,79.3,,
EVIETOTA,Total population at birth,EVIDUREV,Years,CHE,Switzerland,1998,1998,79.6,,
EVIETOTA,Total population at birth,EVIDUREV,Years,CHE,Switzerland,1999,1999,79.8,,
EVIETOTA,Total population at birth,EVIDUREV,Years,CHE,Switzerland,2000,2000,79.9,,
EVIETOTA,Total population at birth,EVIDUREV,Years,CHE,Switzerland,2001,2001,80.4,,
EVIETOTA,Total population at birth,EVIDUREV,Years,CHE,Switzerland,2002,2002,80.6,,
EVIETOTA,Total population at birth,EVIDUREV,Years,CHE,Switzerland,2003,2003,80.6,,
EVIETOTA,Total population at birth,EVIDUREV,Years,CHE,Switzerland,2004,2004,81.2,,
EVIETOTA,Total population at birth,EVIDUREV,Years,CHE,Switzerland,2005,2005,81.4,,
EVIETOTA,Total population at birth,EVIDUREV,Years,CHE,Switzerland,2006,2006,81.7,,
EVIETOTA,Total population at birth,EVIDUREV,Years,CHE,Switzerland,2007,2007,82,,
EVIETOTA,Total population at birth,EVIDUREV,Years,CHE,Switzerland,2008,2008,82.2,,
EVIETOTA,Total population at birth,EVIDUREV,Years,CHE,Switzerland,2009,2009,82.3,,
EVIETOTA,Total population at birth,EVIDUREV,Years,CHE,Switzerland,2010,2010,82.6,,
EVIETOTA,Total population at birth,EVIDUREV,Years,CHE,Switzerland,2011,2011,82.8,B,Break
EVIETOTA,Total population at birth,EVIDUREV,Years,CHE,Switzerland,2012,2012,82.8,,
EVIETOTA,Total population at birth,EVIDUREV,Years,CHE,Switzerland,2013,2013,82.9,,
EVIETOTA,Total population at birth,EVIDUREV,Years,CHE,Switzerland,2014,2014,83.3,,
EVIETOTA,Total population at birth,EVIDUREV,Years,TUR,Turkey,1995,1995,69.3,,
EVIETOTA,Total population at birth,EVIDUREV,Years,TUR,Turkey,1996,1996,69.7,,
EVIETOTA,Total population at birth,EVIDUREV,Years,TUR,Turkey,1997,1997,70.1,,
EVIETOTA,Total population at birth,EVIDUREV,Years,TUR,Turkey,1998,1998,70.3,,
EVIETOTA,Total population at birth,EVIDUREV,Years,TUR,Turkey,1999,1999,70.7,,
EVIETOTA,Total population at birth,EVIDUREV,Years,TUR,Turkey,2000,2000,71.1,,
EVIETOTA,Total population at birth,EVIDUREV,Years,TUR,Turkey,2001,2001,71.5,,
EVIETOTA,Total population at birth,EVIDUREV,Years,TUR,Turkey,2002,2002,71.9,,
EVIETOTA,Total population at birth,EVIDUREV,Years,TUR,Turkey,2003,2003,72.3,,
EVIETOTA,Total population at birth,EVIDUREV,Years,TUR,Turkey,2004,2004,72.7,,
EVIETOTA,Total population at birth,EVIDUREV,Years,TUR,Turkey,2005,2005,73.1,,
EVIETOTA,Total population at birth,EVIDUREV,Years,TUR,Turkey,2006,2006,73.4,,
EVIETOTA,Total population at birth,EVIDUREV,Years,TUR,Turkey,2007,2007,73.7,,
EVIETOTA,Total population at birth,EVIDUREV,Years,TUR,Turkey,2008,2008,73.9,,
EVIETOTA,Total population at birth,EVIDUREV,Years,TUR,Turkey,2009,2009,74.1,,
EVIETOTA,Total population at birth,EVIDUREV,Years,TUR,Turkey,2010,2010,74.3,,
EVIETOTA,Total population at birth,EVIDUREV,Years,TUR,Turkey,2011,2011,74.6,,
EVIETOTA,Total population at birth,EVIDUREV,Years,TUR,Turkey,2012,2012,74.6,,
EVIETOTA,Total population at birth,EVIDUREV,Years,TUR,Turkey,2013,2013,78,B,Break
EVIETOTA,Total population at birth,EVIDUREV,Years,TUR,Turkey,2014,2014,78,,
EVIETOTA,Total population at birth,EVIDUREV,Years,GBR,United Kingdom,1995,1995,76.7,,
EVIETOTA,Total population at birth,EVIDUREV,Years,GBR,United Kingdom,1996,1996,76.9,,
EVIETOTA,Total population at birth,EVIDUREV,Years,GBR,United Kingdom,1997,1997,77.2,,
EVIETOTA,Total population at birth,EVIDUREV,Years,GBR,United Kingdom,1998,1998,77.3,,
EVIETOTA,Total population at birth,EVIDUREV,Years,GBR,United Kingdom,1999,1999,77.5,,
EVIETOTA,Total population at birth,EVIDUREV,Years,GBR,United Kingdom,2000,2000,77.9,,
EVIETOTA,Total population at birth,EVIDUREV,Years,GBR,United Kingdom,2001,2001,78.2,,
EVIETOTA,Total population at birth,EVIDUREV,Years,GBR,United Kingdom,2002,2002,78.3,,
EVIETOTA,Total population at birth,EVIDUREV,Years,GBR,United Kingdom,2003,2003,78.4,,
EVIETOTA,Total population at birth,EVIDUREV,Years,GBR,United Kingdom,2004,2004,79,,
EVIETOTA,Total population at birth,EVIDUREV,Years,GBR,United Kingdom,2005,2005,79.2,,
EVIETOTA,Total population at birth,EVIDUREV,Years,GBR,United Kingdom,2006,2006,79.5,,
EVIETOTA,Total population at birth,EVIDUREV,Years,GBR,United Kingdom,2007,2007,79.7,,
EVIETOTA,Total population at birth,EVIDUREV,Years,GBR,United Kingdom,2008,2008,79.8,,
EVIETOTA,Total population at birth,EVIDUREV,Years,GBR,United Kingdom,2009,2009,80.4,,
EVIETOTA,Total population at birth,EVIDUREV,Years,GBR,United Kingdom,2010,2010,80.6,,
EVIETOTA,Total population at birth,EVIDUREV,Years,GBR,United Kingdom,2011,2011,81,,
EVIETOTA,Total population at birth,EVIDUREV,Years,GBR,United Kingdom,2012,2012,81,,
EVIETOTA,Total population at birth,EVIDUREV,Years,GBR,United Kingdom,2013,2013,81.1,,
EVIETOTA,Total population at birth,EVIDUREV,Years,GBR,United Kingdom,2014,2014,81.4,,
EVIETOTA,Total population at birth,EVIDUREV,Years,USA,United States,1995,1995,75.7,,
EVIETOTA,Total population at birth,EVIDUREV,Years,USA,United States,1996,1996,76.1,,
EVIETOTA,Total population at birth,EVIDUREV,Years,USA,United States,1997,1997,76.5,,
EVIETOTA,Total population at birth,EVIDUREV,Years,USA,United States,1998,1998,76.7,,
EVIETOTA,Total population at birth,EVIDUREV,Years,USA,United States,1999,1999,76.7,,
EVIETOTA,Total population at birth,EVIDUREV,Years,USA,United States,2000,2000,76.7,,
EVIETOTA,Total population at birth,EVIDUREV,Years,USA,United States,2001,2001,76.9,,
EVIETOTA,Total population at birth,EVIDUREV,Years,USA,United States,2002,2002,77,,
EVIETOTA,Total population at birth,EVIDUREV,Years,USA,United States,2003,2003,77.1,,
EVIETOTA,Total population at birth,EVIDUREV,Years,USA,United States,2004,2004,77.6,,
EVIETOTA,Total population at birth,EVIDUREV,Years,USA,United States,2005,2005,77.6,,
EVIETOTA,Total population at birth,EVIDUREV,Years,USA,United States,2006,2006,77.8,,
EVIETOTA,Total population at birth,EVIDUREV,Years,USA,United States,2007,2007,78.1,,
EVIETOTA,Total population at birth,EVIDUREV,Years,USA,United States,2008,2008,78.1,,
EVIETOTA,Total population at birth,EVIDUREV,Years,USA,United States,2009,2009,78.5,,
EVIETOTA,Total population at birth,EVIDUREV,Years,USA,United States,2010,2010,78.6,,
EVIETOTA,Total population at birth,EVIDUREV,Years,USA,United States,2011,2011,78.7,,
EVIETOTA,Total population at birth,EVIDUREV,Years,USA,United States,2012,2012,78.8,,
EVIETOTA,Total population at birth,EVIDUREV,Years,USA,United States,2013,2013,78.8,,
EVIETOTA,Total population at birth,EVIDUREV,Years,USA,United States,2014,2014,78.9,,
EVIETOTA,Total population at birth,EVIDUREV,Years,BRA,Brazil,1995,1995,68.4,,
EVIETOTA,Total population at birth,EVIDUREV,Years,BRA,Brazil,1996,1996,68.8,,
EVIETOTA,Total population at birth,EVIDUREV,Years,BRA,Brazil,1997,1997,69.2,,
EVIETOTA,Total population at birth,EVIDUREV,Years,BRA,Brazil,1998,1998,69.5,,
EVIETOTA,Total population at birth,EVIDUREV,Years,BRA,Brazil,1999,1999,69.9,,
EVIETOTA,Total population at birth,EVIDUREV,Years,BRA,Brazil,2000,2000,70.2,,
EVIETOTA,Total population at birth,EVIDUREV,Years,BRA,Brazil,2001,2001,70.6,,
EVIETOTA,Total population at birth,EVIDUREV,Years,BRA,Brazil,2002,2002,70.9,,
EVIETOTA,Total population at birth,EVIDUREV,Years,BRA,Brazil,2003,2003,71.3,,
EVIETOTA,Total population at birth,EVIDUREV,Years,BRA,Brazil,2004,2004,71.6,,
EVIETOTA,Total population at birth,EVIDUREV,Years,BRA,Brazil,2005,2005,72,,
EVIETOTA,Total population at birth,EVIDUREV,Years,BRA,Brazil,2006,2006,72.3,,
EVIETOTA,Total population at birth,EVIDUREV,Years,BRA,Brazil,2007,2007,72.7,,
EVIETOTA,Total population at birth,EVIDUREV,Years,BRA,Brazil,2008,2008,73,,
EVIETOTA,Total population at birth,EVIDUREV,Years,BRA,Brazil,2009,2009,73.4,,
EVIETOTA,Total population at birth,EVIDUREV,Years,BRA,Brazil,2010,2010,73.7,,
EVIETOTA,Total population at birth,EVIDUREV,Years,BRA,Brazil,2011,2011,74,,
EVIETOTA,Total population at birth,EVIDUREV,Years,BRA,Brazil,2012,2012,74.2,,
EVIETOTA,Total population at birth,EVIDUREV,Years,BRA,Brazil,2013,2013,74.5,,
EVIETOTA,Total population at birth,EVIDUREV,Years,BRA,Brazil,2014,2014,74.8,,
EVIETOTA,Total population at birth,EVIDUREV,Years,CHL,Chile,1995,1995,75,,
EVIETOTA,Total population at birth,EVIDUREV,Years,CHL,Chile,1996,1996,75.3,,
EVIETOTA,Total population at birth,EVIDUREV,Years,CHL,Chile,1997,1997,75.6,,
EVIETOTA,Total population at birth,EVIDUREV,Years,CHL,Chile,1998,1998,75.9,,
EVIETOTA,Total population at birth,EVIDUREV,Years,CHL,Chile,1999,1999,76.2,,
EVIETOTA,Total population at birth,EVIDUREV,Years,CHL,Chile,2000,2000,76.4,,
EVIETOTA,Total population at birth,EVIDUREV,Years,CHL,Chile,2001,2001,76.7,,
EVIETOTA,Total population at birth,EVIDUREV,Years,CHL,Chile,2002,2002,77,,
EVIETOTA,Total population at birth,EVIDUREV,Years,CHL,Chile,2003,2003,77.2,,
EVIETOTA,Total population at birth,EVIDUREV,Years,CHL,Chile,2004,2004,77.4,,
EVIETOTA,Total population at birth,EVIDUREV,Years,CHL,Chile,2005,2005,77.7,,
EVIETOTA,Total population at birth,EVIDUREV,Years,CHL,Chile,2006,2006,77.9,,
EVIETOTA,Total population at birth,EVIDUREV,Years,CHL,Chile,2007,2007,78.1,,
EVIETOTA,Total population at birth,EVIDUREV,Years,CHL,Chile,2008,2008,78.3,,
EVIETOTA,Total population at birth,EVIDUREV,Years,CHL,Chile,2009,2009,78.6,,
EVIETOTA,Total population at birth,EVIDUREV,Years,CHL,Chile,2010,2010,78.8,,
EVIETOTA,Total population at birth,EVIDUREV,Years,CHL,Chile,2011,2011,79,,
EVIETOTA,Total population at birth,EVIDUREV,Years,CHL,Chile,2012,2012,79.2,,
EVIETOTA,Total population at birth,EVIDUREV,Years,CHL,Chile,2013,2013,79.4,,
EVIETOTA,Total population at birth,EVIDUREV,Years,CHL,Chile,2014,2014,79.6,,
EVIETOTA,Total population at birth,EVIDUREV,Years,CHN,China (People's Republic of),1995,1995,70,,
EVIETOTA,Total population at birth,EVIDUREV,Years,CHN,China (People's Republic of),1996,1996,70.3,,
EVIETOTA,Total population at birth,EVIDUREV,Years,CHN,China (People's Republic of),1997,1997,70.6,,
EVIETOTA,Total population at birth,EVIDUREV,Years,CHN,China (People's Republic of),1998,1998,70.9,,
EVIETOTA,Total population at birth,EVIDUREV,Years,CHN,China (People's Republic of),1999,1999,71.2,,
EVIETOTA,Total population at birth,EVIDUREV,Years,CHN,China (People's Republic of),2000,2000,71.5,,
EVIETOTA,Total population at birth,EVIDUREV,Years,CHN,China (People's Republic of),2001,2001,71.8,,
EVIETOTA,Total population at birth,EVIDUREV,Years,CHN,China (People's Republic of),2002,2002,72.2,,
EVIETOTA,Total population at birth,EVIDUREV,Years,CHN,China (People's Republic of),2003,2003,72.5,,
EVIETOTA,Total population at birth,EVIDUREV,Years,CHN,China (People's Republic of),2004,2004,72.8,,
EVIETOTA,Total population at birth,EVIDUREV,Years,CHN,China (People's Republic of),2005,2005,73.1,,
EVIETOTA,Total population at birth,EVIDUREV,Years,CHN,China (People's Republic of),2006,2006,73.4,,
EVIETOTA,Total population at birth,EVIDUREV,Years,CHN,China (People's Republic of),2007,2007,73.6,,
EVIETOTA,Total population at birth,EVIDUREV,Years,CHN,China (People's Republic of),2008,2008,73.9,,
EVIETOTA,Total population at birth,EVIDUREV,Years,CHN,China (People's Republic of),2009,2009,74.2,,
EVIETOTA,Total population at birth,EVIDUREV,Years,CHN,China (People's Republic of),2010,2010,74.5,,
EVIETOTA,Total population at birth,EVIDUREV,Years,CHN,China (People's Republic of),2011,2011,74.8,,
EVIETOTA,Total population at birth,EVIDUREV,Years,CHN,China (People's Republic of),2012,2012,75.1,,
EVIETOTA,Total population at birth,EVIDUREV,Years,CHN,China (People's Republic of),2013,2013,75.4,,
EVIETOTA,Total population at birth,EVIDUREV,Years,CHN,China (People's Republic of),2014,2014,75.7,,
EVIETOTA,Total population at birth,EVIDUREV,Years,EST,Estonia,1995,1995,67.9,,
EVIETOTA,Total population at birth,EVIDUREV,Years,EST,Estonia,1996,1996,69.9,,
EVIETOTA,Total population at birth,EVIDUREV,Years,EST,Estonia,1997,1997,70.1,,
EVIETOTA,Total population at birth,EVIDUREV,Years,EST,Estonia,1998,1998,69.7,,
EVIETOTA,Total population at birth,EVIDUREV,Years,EST,Estonia,1999,1999,70.6,,
EVIETOTA,Total population at birth,EVIDUREV,Years,EST,Estonia,2000,2000,71,,
EVIETOTA,Total population at birth,EVIDUREV,Years,EST,Estonia,2001,2001,70.9,,
EVIETOTA,Total population at birth,EVIDUREV,Years,EST,Estonia,2002,2002,71.4,,
EVIETOTA,Total population at birth,EVIDUREV,Years,EST,Estonia,2003,2003,71.8,,
EVIETOTA,Total population at birth,EVIDUREV,Years,EST,Estonia,2004,2004,72.4,,
EVIETOTA,Total population at birth,EVIDUREV,Years,EST,Estonia,2005,2005,72.9,,
EVIETOTA,Total population at birth,EVIDUREV,Years,EST,Estonia,2006,2006,73.1,,
EVIETOTA,Total population at birth,EVIDUREV,Years,EST,Estonia,2007,2007,73.2,,
EVIETOTA,Total population at birth,EVIDUREV,Years,EST,Estonia,2008,2008,74.2,,
EVIETOTA,Total population at birth,EVIDUREV,Years,EST,Estonia,2009,2009,75.2,,
EVIETOTA,Total population at birth,EVIDUREV,Years,EST,Estonia,2010,2010,75.9,,
EVIETOTA,Total population at birth,EVIDUREV,Years,EST,Estonia,2011,2011,76.4,,
EVIETOTA,Total population at birth,EVIDUREV,Years,EST,Estonia,2012,2012,76.5,,
EVIETOTA,Total population at birth,EVIDUREV,Years,EST,Estonia,2013,2013,77.3,,
EVIETOTA,Total population at birth,EVIDUREV,Years,EST,Estonia,2014,2014,77.2,,
EVIETOTA,Total population at birth,EVIDUREV,Years,IND,India,1995,1995,60.3,,
EVIETOTA,Total population at birth,EVIDUREV,Years,IND,India,1996,1996,60.8,,
EVIETOTA,Total population at birth,EVIDUREV,Years,IND,India,1997,1997,61.3,,
EVIETOTA,Total population at birth,EVIDUREV,Years,IND,India,1998,1998,61.7,,
EVIETOTA,Total population at birth,EVIDUREV,Years,IND,India,1999,1999,62.1,,
EVIETOTA,Total population at birth,EVIDUREV,Years,IND,India,2000,2000,62.5,,
EVIETOTA,Total population at birth,EVIDUREV,Years,IND,India,2001,2001,62.9,,
EVIETOTA,Total population at birth,EVIDUREV,Years,IND,India,2002,2002,63.3,,
EVIETOTA,Total population at birth,EVIDUREV,Years,IND,India,2003,2003,63.7,,
EVIETOTA,Total population at birth,EVIDUREV,Years,IND,India,2004,2004,64.1,,
EVIETOTA,Total population at birth,EVIDUREV,Years,IND,India,2005,2005,64.5,,
EVIETOTA,Total population at birth,EVIDUREV,Years,IND,India,2006,2006,64.9,,
EVIETOTA,Total population at birth,EVIDUREV,Years,IND,India,2007,2007,65.4,,
EVIETOTA,Total population at birth,EVIDUREV,Years,IND,India,2008,2008,65.8,,
EVIETOTA,Total population at birth,EVIDUREV,Years,IND,India,2009,2009,66.3,,
EVIETOTA,Total population at birth,EVIDUREV,Years,IND,India,2010,2010,66.7,,
EVIETOTA,Total population at birth,EVIDUREV,Years,IND,India,2011,2011,67.2,,
EVIETOTA,Total population at birth,EVIDUREV,Years,IND,India,2012,2012,67.6,,
EVIETOTA,Total population at birth,EVIDUREV,Years,IND,India,2013,2013,68,,
EVIETOTA,Total population at birth,EVIDUREV,Years,IND,India,2014,2014,68.3,,
EVIETOTA,Total population at birth,EVIDUREV,Years,IDN,Indonesia,1995,1995,64.3,,
EVIETOTA,Total population at birth,EVIDUREV,Years,IDN,Indonesia,1996,1996,64.6,,
EVIETOTA,Total population at birth,EVIDUREV,Years,IDN,Indonesia,1997,1997,65,,
EVIETOTA,Total population at birth,EVIDUREV,Years,IDN,Indonesia,1998,1998,65.2,,
EVIETOTA,Total population at birth,EVIDUREV,Years,IDN,Indonesia,1999,1999,65.5,,
EVIETOTA,Total population at birth,EVIDUREV,Years,IDN,Indonesia,2000,2000,65.8,,
EVIETOTA,Total population at birth,EVIDUREV,Years,IDN,Indonesia,2001,2001,66,,
EVIETOTA,Total population at birth,EVIDUREV,Years,IDN,Indonesia,2002,2002,66.3,,
EVIETOTA,Total population at birth,EVIDUREV,Years,IDN,Indonesia,2003,2003,66.6,,
EVIETOTA,Total population at birth,EVIDUREV,Years,IDN,Indonesia,2004,2004,67,,
EVIETOTA,Total population at birth,EVIDUREV,Years,IDN,Indonesia,2005,2005,67.3,,
EVIETOTA,Total population at birth,EVIDUREV,Years,IDN,Indonesia,2006,2006,67.7,,
EVIETOTA,Total population at birth,EVIDUREV,Years,IDN,Indonesia,2007,2007,68.1,,
EVIETOTA,Total population at birth,EVIDUREV,Years,IDN,Indonesia,2008,2008,68.5,,
EVIETOTA,Total population at birth,EVIDUREV,Years,IDN,Indonesia,2009,2009,68.9,,
EVIETOTA,Total population at birth,EVIDUREV,Years,IDN,Indonesia,2010,2010,69.2,,
EVIETOTA,Total population at birth,EVIDUREV,Years,IDN,Indonesia,2011,2011,69.6,,
EVIETOTA,Total population at birth,EVIDUREV,Years,IDN,Indonesia,2012,2012,69.9,,
EVIETOTA,Total population at birth,EVIDUREV,Years,IDN,Indonesia,2013,2013,70.2,,
EVIETOTA,Total population at birth,EVIDUREV,Years,IDN,Indonesia,2014,2014,70.5,,
EVIETOTA,Total population at birth,EVIDUREV,Years,ISR,Israel,1995,1995,77.5,,
EVIETOTA,Total population at birth,EVIDUREV,Years,ISR,Israel,1996,1996,78.2,,
EVIETOTA,Total population at birth,EVIDUREV,Years,ISR,Israel,1997,1997,78.1,,
EVIETOTA,Total population at birth,EVIDUREV,Years,ISR,Israel,1998,1998,78.2,,
EVIETOTA,Total population at birth,EVIDUREV,Years,ISR,Israel,1999,1999,78.5,,
EVIETOTA,Total population at birth,EVIDUREV,Years,ISR,Israel,2000,2000,78.8,,
EVIETOTA,Total population at birth,EVIDUREV,Years,ISR,Israel,2001,2001,79.3,,
EVIETOTA,Total population at birth,EVIDUREV,Years,ISR,Israel,2002,2002,79.5,,
EVIETOTA,Total population at birth,EVIDUREV,Years,ISR,Israel,2003,2003,79.7,,
EVIETOTA,Total population at birth,EVIDUREV,Years,ISR,Israel,2004,2004,80.2,,
EVIETOTA,Total population at birth,EVIDUREV,Years,ISR,Israel,2005,2005,80.2,,
EVIETOTA,Total population at birth,EVIDUREV,Years,ISR,Israel,2006,2006,80.6,,
EVIETOTA,Total population at birth,EVIDUREV,Years,ISR,Israel,2007,2007,80.6,,
EVIETOTA,Total population at birth,EVIDUREV,Years,ISR,Israel,2008,2008,81,,
EVIETOTA,Total population at birth,EVIDUREV,Years,ISR,Israel,2009,2009,81.5,B,Break
EVIETOTA,Total population at birth,EVIDUREV,Years,ISR,Israel,2010,2010,81.7,,
EVIETOTA,Total population at birth,EVIDUREV,Years,ISR,Israel,2011,2011,81.7,,
EVIETOTA,Total population at birth,EVIDUREV,Years,ISR,Israel,2012,2012,81.8,,
EVIETOTA,Total population at birth,EVIDUREV,Years,ISR,Israel,2013,2013,82.1,,
EVIETOTA,Total population at birth,EVIDUREV,Years,ISR,Israel,2014,2014,82.2,,
EVIETOTA,Total population at birth,EVIDUREV,Years,RUS,Russia,1995,1995,64.9,,
EVIETOTA,Total population at birth,EVIDUREV,Years,RUS,Russia,1996,1996,66,,
EVIETOTA,Total population at birth,EVIDUREV,Years,RUS,Russia,1997,1997,66.8,,
EVIETOTA,Total population at birth,EVIDUREV,Years,RUS,Russia,1998,1998,67.2,,
EVIETOTA,Total population at birth,EVIDUREV,Years,RUS,Russia,1999,1999,66.1,,
EVIETOTA,Total population at birth,EVIDUREV,Years,RUS,Russia,2000,2000,65.6,,
EVIETOTA,Total population at birth,EVIDUREV,Years,RUS,Russia,2001,2001,65.5,,
EVIETOTA,Total population at birth,EVIDUREV,Years,RUS,Russia,2002,2002,65.3,,
EVIETOTA,Total population at birth,EVIDUREV,Years,RUS,Russia,2003,2003,65.2,,
EVIETOTA,Total population at birth,EVIDUREV,Years,RUS,Russia,2004,2004,65.6,,
EVIETOTA,Total population at birth,EVIDUREV,Years,RUS,Russia,2005,2005,65.7,,
EVIETOTA,Total population at birth,EVIDUREV,Years,RUS,Russia,2006,2006,66.9,,
EVIETOTA,Total population at birth,EVIDUREV,Years,RUS,Russia,2007,2007,67.7,,
EVIETOTA,Total population at birth,EVIDUREV,Years,RUS,Russia,2008,2008,68.1,,
EVIETOTA,Total population at birth,EVIDUREV,Years,RUS,Russia,2009,2009,68.8,,
EVIETOTA,Total population at birth,EVIDUREV,Years,RUS,Russia,2010,2010,69,,
EVIETOTA,Total population at birth,EVIDUREV,Years,RUS,Russia,2011,2011,69.8,,
EVIETOTA,Total population at birth,EVIDUREV,Years,RUS,Russia,2012,2012,70.2,,
EVIETOTA,Total population at birth,EVIDUREV,Years,RUS,Russia,2013,2013,70.7,,
EVIETOTA,Total population at birth,EVIDUREV,Years,RUS,Russia,2014,2014,70.9,B,Break
EVIETOTA,Total population at birth,EVIDUREV,Years,SVN,Slovenia,1995,1995,74.7,,
EVIETOTA,Total population at birth,EVIDUREV,Years,SVN,Slovenia,1996,1996,75.1,,
EVIETOTA,Total population at birth,EVIDUREV,Years,SVN,Slovenia,1997,1997,75.1,,
EVIETOTA,Total population at birth,EVIDUREV,Years,SVN,Slovenia,1998,1998,75.3,,
EVIETOTA,Total population at birth,EVIDUREV,Years,SVN,Slovenia,1999,1999,75.7,,
EVIETOTA,Total population at birth,EVIDUREV,Years,SVN,Slovenia,2000,2000,76.1,,
EVIETOTA,Total population at birth,EVIDUREV,Years,SVN,Slovenia,2001,2001,76.4,,
EVIETOTA,Total population at birth,EVIDUREV,Years,SVN,Slovenia,2002,2002,76.6,,
EVIETOTA,Total population at birth,EVIDUREV,Years,SVN,Slovenia,2003,2003,76.4,,
EVIETOTA,Total population at birth,EVIDUREV,Years,SVN,Slovenia,2004,2004,77.2,,
EVIETOTA,Total population at birth,EVIDUREV,Years,SVN,Slovenia,2005,2005,77.4,,
EVIETOTA,Total population at birth,EVIDUREV,Years,SVN,Slovenia,2006,2006,78.3,,
EVIETOTA,Total population at birth,EVIDUREV,Years,SVN,Slovenia,2007,2007,78.3,,
EVIETOTA,Total population at birth,EVIDUREV,Years,SVN,Slovenia,2008,2008,79.1,B,Break
EVIETOTA,Total population at birth,EVIDUREV,Years,SVN,Slovenia,2009,2009,79.3,,
EVIETOTA,Total population at birth,EVIDUREV,Years,SVN,Slovenia,2010,2010,79.8,,
EVIETOTA,Total population at birth,EVIDUREV,Years,SVN,Slovenia,2011,2011,80.1,,
EVIETOTA,Total population at birth,EVIDUREV,Years,SVN,Slovenia,2012,2012,80.2,,
EVIETOTA,Total population at birth,EVIDUREV,Years,SVN,Slovenia,2013,2013,80.4,,
EVIETOTA,Total population at birth,EVIDUREV,Years,SVN,Slovenia,2014,2014,81.2,,
EVIETOTA,Total population at birth,EVIDUREV,Years,ZAF,South Africa,1995,1995,61.7,,
EVIETOTA,Total population at birth,EVIDUREV,Years,ZAF,South Africa,1996,1996,60.7,,
EVIETOTA,Total population at birth,EVIDUREV,Years,ZAF,South Africa,1997,1997,59.6,,
EVIETOTA,Total population at birth,EVIDUREV,Years,ZAF,South Africa,1998,1998,58.5,,
EVIETOTA,Total population at birth,EVIDUREV,Years,ZAF,South Africa,1999,1999,57.3,,
EVIETOTA,Total population at birth,EVIDUREV,Years,ZAF,South Africa,2000,2000,56.2,,
EVIETOTA,Total population at birth,EVIDUREV,Years,ZAF,South Africa,2001,2001,55.2,,
EVIETOTA,Total population at birth,EVIDUREV,Years,ZAF,South Africa,2002,2002,54.4,,
EVIETOTA,Total population at birth,EVIDUREV,Years,ZAF,South Africa,2003,2003,53.8,,
EVIETOTA,Total population at birth,EVIDUREV,Years,ZAF,South Africa,2004,2004,53.5,,
EVIETOTA,Total population at birth,EVIDUREV,Years,ZAF,South Africa,2005,2005,53.5,,
EVIETOTA,Total population at birth,EVIDUREV,Years,ZAF,South Africa,2006,2006,53.9,,
EVIETOTA,Total population at birth,EVIDUREV,Years,ZAF,South Africa,2007,2007,54.5,,
EVIETOTA,Total population at birth,EVIDUREV,Years,ZAF,South Africa,2008,2008,55.4,,
EVIETOTA,Total population at birth,EVIDUREV,Years,ZAF,South Africa,2009,2009,56.5,,
EVIETOTA,Total population at birth,EVIDUREV,Years,ZAF,South Africa,2010,2010,57.7,,
EVIETOTA,Total population at birth,EVIDUREV,Years,ZAF,South Africa,2011,2011,59,,
EVIETOTA,Total population at birth,EVIDUREV,Years,ZAF,South Africa,2012,2012,60.1,,
EVIETOTA,Total population at birth,EVIDUREV,Years,ZAF,South Africa,2013,2013,61.2,,
EVIETOTA,Total population at birth,EVIDUREV,Years,ZAF,South Africa,2014,2014,62,,
EVIETOTA,Total population at birth,EVIDUREV,Years,LVA,Latvia,2002,2002,70.1,,
EVIETOTA,Total population at birth,EVIDUREV,Years,LVA,Latvia,2003,2003,70.5,,
EVIETOTA,Total population at birth,EVIDUREV,Years,LVA,Latvia,2004,2004,70.8,,
EVIETOTA,Total population at birth,EVIDUREV,Years,LVA,Latvia,2005,2005,70.6,,
EVIETOTA,Total population at birth,EVIDUREV,Years,LVA,Latvia,2006,2006,70.6,,
EVIETOTA,Total population at birth,EVIDUREV,Years,LVA,Latvia,2007,2007,70.8,,
EVIETOTA,Total population at birth,EVIDUREV,Years,LVA,Latvia,2008,2008,72,,
EVIETOTA,Total population at birth,EVIDUREV,Years,LVA,Latvia,2009,2009,72.6,,
EVIETOTA,Total population at birth,EVIDUREV,Years,LVA,Latvia,2010,2010,73,,
EVIETOTA,Total population at birth,EVIDUREV,Years,LVA,Latvia,2011,2011,73.7,,
EVIETOTA,Total population at birth,EVIDUREV,Years,LVA,Latvia,2012,2012,73.9,,
EVIETOTA,Total population at birth,EVIDUREV,Years,LVA,Latvia,2013,2013,74.1,,
EVIETOTA,Total population at birth,EVIDUREV,Years,LVA,Latvia,2014,2014,74.3,,
EVIETOTA,Total population at birth,EVIDUREV,Years,CRI,Costa Rica,1995,1995,76.6,,
EVIETOTA,Total population at birth,EVIDUREV,Years,CRI,Costa Rica,1996,1996,76.8,,
EVIETOTA,Total population at birth,EVIDUREV,Years,CRI,Costa Rica,1997,1997,77,,
EVIETOTA,Total population at birth,EVIDUREV,Years,CRI,Costa Rica,1998,1998,77.2,,
EVIETOTA,Total population at birth,EVIDUREV,Years,CRI,Costa Rica,1999,1999,77.3,,
EVIETOTA,Total population at birth,EVIDUREV,Years,CRI,Costa Rica,2000,2000,77.5,,
EVIETOTA,Total population at birth,EVIDUREV,Years,CRI,Costa Rica,2001,2001,77.6,,
EVIETOTA,Total population at birth,EVIDUREV,Years,CRI,Costa Rica,2002,2002,77.8,,
EVIETOTA,Total population at birth,EVIDUREV,Years,CRI,Costa Rica,2003,2003,77.9,,
EVIETOTA,Total population at birth,EVIDUREV,Years,CRI,Costa Rica,2004,2004,78,,
EVIETOTA,Total population at birth,EVIDUREV,Years,CRI,Costa Rica,2005,2005,78.1,,
EVIETOTA,Total population at birth,EVIDUREV,Years,CRI,Costa Rica,2006,2006,78.3,,
EVIETOTA,Total population at birth,EVIDUREV,Years,CRI,Costa Rica,2007,2007,78.4,,
EVIETOTA,Total population at birth,EVIDUREV,Years,CRI,Costa Rica,2008,2008,78.5,,
EVIETOTA,Total population at birth,EVIDUREV,Years,CRI,Costa Rica,2009,2009,78.7,,
EVIETOTA,Total population at birth,EVIDUREV,Years,CRI,Costa Rica,2010,2010,78.8,,
EVIETOTA,Total population at birth,EVIDUREV,Years,CRI,Costa Rica,2011,2011,79.1,,
EVIETOTA,Total population at birth,EVIDUREV,Years,CRI,Costa Rica,2012,2012,79.4,,
EVIETOTA,Total population at birth,EVIDUREV,Years,CRI,Costa Rica,2013,2013,79.6,,
EVIETOTA,Total population at birth,EVIDUREV,Years,CRI,Costa Rica,2014,2014,79.8,,
EVIETOTA,Total population at birth,EVIDUREV,Years,LTU,Lithuania,1995,1995,69.2,,
EVIETOTA,Total population at birth,EVIDUREV,Years,LTU,Lithuania,1996,1996,70.3,,
EVIETOTA,Total population at birth,EVIDUREV,Years,LTU,Lithuania,1997,1997,71.1,,
EVIETOTA,Total population at birth,EVIDUREV,Years,LTU,Lithuania,1998,1998,71.4,,
EVIETOTA,Total population at birth,EVIDUREV,Years,LTU,Lithuania,1999,1999,71.7,,
EVIETOTA,Total population at birth,EVIDUREV,Years,LTU,Lithuania,2000,2000,72.1,,
EVIETOTA,Total population at birth,EVIDUREV,Years,LTU,Lithuania,2001,2001,71.7,,
EVIETOTA,Total population at birth,EVIDUREV,Years,LTU,Lithuania,2002,2002,71.8,,
EVIETOTA,Total population at birth,EVIDUREV,Years,LTU,Lithuania,2003,2003,72.1,,
EVIETOTA,Total population at birth,EVIDUREV,Years,LTU,Lithuania,2004,2004,72,,
EVIETOTA,Total population at birth,EVIDUREV,Years,LTU,Lithuania,2005,2005,71.3,,
EVIETOTA,Total population at birth,EVIDUREV,Years,LTU,Lithuania,2006,2006,71.1,,
EVIETOTA,Total population at birth,EVIDUREV,Years,LTU,Lithuania,2007,2007,70.9,,
EVIETOTA,Total population at birth,EVIDUREV,Years,LTU,Lithuania,2008,2008,71.8,,
EVIETOTA,Total population at birth,EVIDUREV,Years,LTU,Lithuania,2009,2009,72.9,,
EVIETOTA,Total population at birth,EVIDUREV,Years,LTU,Lithuania,2010,2010,73.3,,
EVIETOTA,Total population at birth,EVIDUREV,Years,LTU,Lithuania,2011,2011,73.7,,
EVIETOTA,Total population at birth,EVIDUREV,Years,LTU,Lithuania,2012,2012,74,,
EVIETOTA,Total population at birth,EVIDUREV,Years,LTU,Lithuania,2013,2013,74.1,,
EVIETOTA,Total population at birth,EVIDUREV,Years,LTU,Lithuania,2014,2014,74.7,,
EVIETOTA,Total population at birth,EVIDUREV,Years,COL,Colombia,1995,1995,68.7,,
EVIETOTA,Total population at birth,EVIDUREV,Years,COL,Colombia,1996,1996,69.2,,
EVIETOTA,Total population at birth,EVIDUREV,Years,COL,Colombia,1997,1997,69.7,,
EVIETOTA,Total population at birth,EVIDUREV,Years,COL,Colombia,1998,1998,70.1,,
EVIETOTA,Total population at birth,EVIDUREV,Years,COL,Colombia,1999,1999,70.6,,
EVIETOTA,Total population at birth,EVIDUREV,Years,COL,Colombia,2000,2000,71,,
EVIETOTA,Total population at birth,EVIDUREV,Years,COL,Colombia,2001,2001,71.5,,
EVIETOTA,Total population at birth,EVIDUREV,Years,COL,Colombia,2002,2002,71.9,,
EVIETOTA,Total population at birth,EVIDUREV,Years,COL,Colombia,2003,2003,72.3,,
EVIETOTA,Total population at birth,EVIDUREV,Years,COL,Colombia,2004,2004,72.7,,
EVIETOTA,Total population at birth,EVIDUREV,Years,COL,Colombia,2005,2005,73.1,,
EVIETOTA,Total population at birth,EVIDUREV,Years,COL,Colombia,2006,2006,73.3,,
EVIETOTA,Total population at birth,EVIDUREV,Years,COL,Colombia,2007,2007,73.6,,
EVIETOTA,Total population at birth,EVIDUREV,Years,COL,Colombia,2008,2008,73.9,,
EVIETOTA,Total population at birth,EVIDUREV,Years,COL,Colombia,2009,2009,74.1,,
EVIETOTA,Total population at birth,EVIDUREV,Years,COL,Colombia,2010,2010,74.3,,
EVIETOTA,Total population at birth,EVIDUREV,Years,COL,Colombia,2011,2011,74.6,,
EVIETOTA,Total population at birth,EVIDUREV,Years,COL,Colombia,2012,2012,74.8,,
EVIETOTA,Total population at birth,EVIDUREV,Years,COL,Colombia,2013,2013,75.1,,
EVIETOTA,Total population at birth,EVIDUREV,Years,COL,Colombia,2014,2014,75.3,,
